{"cameraMode":{"drawMode":0,"name":"Shaded","section":"Shading Mode"},"sceneLighting":false,"audioPlay":false,"sceneViewState":{"m_AlwaysRefresh":false,"showFog":true,"showSkybox":false,"showFlares":true,"showImageEffects":true,"showParticleSystems":true,"showVisualEffectGraphs":true,"m_FxEnabled":true},"in2DMode":false,"pivot":{"x":0.06956565380096436,"y":1.6197948455810547,"z":-0.5573583841323853},"rotation":{"x":0.00930954609066248,"y":-0.0063197133131325249,"z":0.000025362121959915385,"w":0.9999613761901856},"size":2.5254781246185304,"orthographic":false}