{"cameraMode":{"drawMode":0,"name":"Shaded","section":"Shading Mode"},"sceneLighting":true,"audioPlay":false,"sceneViewState":{"m_AlwaysRefresh":false,"showFog":true,"showSkybox":true,"showFlares":true,"showImageEffects":true,"showParticleSystems":true,"showVisualEffectGraphs":true,"m_FxEnabled":true},"in2DMode":false,"pivot":{"x":2.1168296337127687,"y":-6.836454391479492,"z":29.58719825744629},"rotation":{"x":-0.11993549764156342,"y":-0.03780384361743927,"z":0.004578738007694483,"w":-0.9920768141746521},"size":18.253299713134767,"orthographic":false}